t22	响度	响度	NodeName
t22	乐音	乐音	NodeName
t22	产生	产生	NodeName
t22	特性	特性	NodeName
t22	噪声	噪声	NodeName
t22	音色	音色	NodeName
t22	传递信息	传递信息	NodeName
t22	传递能量	传递能量	NodeName
t22	声现象	声现象	NodeName
t22	音调	音调	NodeName
t22	类别	类别	NodeName
t22	声的利用	声的利用	NodeName
t22	传播	传播	NodeName
t22	形式	形式	PropertyName
t22	危害	危害	PropertyName
t22	噪声控制途径	噪声控制途径	PropertyName
t22	条件	条件	PropertyName
t22	速度	速度	PropertyName
t22	等级	等级	PropertyName
t22	环境角度定义	环境角度定义	PropertyName
t22	物理角度定义	物理角度定义	PropertyName
t22	含义	含义	PropertyName
t22	影响因素	影响因素	PropertyName
t22	内容	内容	PropertyName
t22	原因	原因	PropertyName
t22	分类	分类	PropertyName
t22	包含	包含	RelationType