c19	COVID-19	COVID-19	NodeName
c19	DNA病毒	DNA病毒	NodeName
c19	水	水	NodeName
c19	保持健康	保持健康	NodeName
c19	注射血清	注射血清	NodeName
c19	防护服	防护服	NodeName
c19	洗手	洗手	NodeName
c19	病毒	病毒	NodeName
c19	诊断	诊断	NodeName
c19	大肠杆菌T2噬菌体	大肠杆菌T2噬菌体	NodeName
c19	穿山甲	穿山甲	NodeName
c19	器械治疗	器械治疗	NodeName
c19	核酸试剂盒	核酸试剂盒	NodeName
c19	预防	预防	NodeName
c19	提高免疫	提高免疫	NodeName
c19	Remdesivir	Remdesivir	NodeName
c19	RT-PCR	RT-PCR	NodeName
c19	艾滋病	艾滋病	NodeName
c19	SARS	SARS	NodeName
c19	物理防护	物理防护	NodeName
c19	服药	服药	NodeName
c19	HIV	HIV	NodeName
c19	MERS肺炎	MERS肺炎	NodeName
c19	飞沫	飞沫	NodeName
c19	免疫类别	免疫类别	NodeName
c19	蝙蝠	蝙蝠	NodeName
c19	普通肺炎	普通肺炎	NodeName
c19	COVID-19疫苗	COVID-19疫苗	NodeName
c19	肺炎	肺炎	NodeName
c19	MERS	MERS	NodeName
c19	冠状病毒	冠状病毒	NodeName
c19	小分子抑制剂	小分子抑制剂	NodeName
c19	接触	接触	NodeName
c19	房屋	房屋	NodeName
c19	人体免疫系统	人体免疫系统	NodeName
c19	患病	患病	NodeName
c19	气溶胶	气溶胶	NodeName
c19	治疗	治疗	NodeName
c19	肥皂（洗手液）	肥皂（洗手液）	NodeName
c19	隔离	隔离	NodeName
c19	抵抗病毒	抵抗病毒	NodeName
c19	抗体抗原杂交	抗体抗原杂交	NodeName
c19	RNA病毒	RNA病毒	NodeName
c19	细胞免疫	细胞免疫	NodeName
c19	粪口	粪口	NodeName
c19	吸氧机	吸氧机	NodeName
c19	打疫苗	打疫苗	NodeName
c19	体液免疫	体液免疫	NodeName
c19	传播	传播	NodeName
c19	新型冠状病毒肺炎	新型冠状病毒肺炎	NodeName
c19	呼吸机	呼吸机	NodeName
c19	COVID-19抗体	COVID-19抗体	NodeName
c19	ecmo	ecmo	NodeName
c19	蛋白试剂盒	蛋白试剂盒	NodeName
c19	SARS肺炎	SARS肺炎	NodeName
c19	口罩	口罩	NodeName
c19	食物	食物	NodeName
c19	功能	功能	PropertyName
c19	方法	方法	PropertyName
c19	分类	分类	PropertyName
c19	所需资源	所需资源	PropertyName
c19	侵染对象	侵染对象	PropertyName
c19	宿主	宿主	PropertyName
c19	命名原因	命名原因	PropertyName
c19	检测方法	检测方法	PropertyName
c19	死亡率	死亡率	PropertyName
c19	是否有效	是否有效	PropertyName
c19	类别	类别	PropertyName
c19	适用人群	适用人群	PropertyName
c19	结果	结果	PropertyName
c19	定义	定义	PropertyName
c19	是否可行	是否可行	PropertyName
c19	预计上市日期	预计上市日期	PropertyName
c19	状态	状态	PropertyName
c19	增殖过程	增殖过程	PropertyName
c19	别名	别名	PropertyName
c19	检测目标	检测目标	PropertyName
c19	措施	措施	RelationType
c19	启示	启示	RelationType
c19	包含	包含	RelationType
c19	分类	分类	RelationType
c19	中间宿主	中间宿主	RelationType
c19	源头	源头	RelationType
c19	导致	导致	RelationType
c19	传播	传播	RelationType
c19	失败	失败	RelationType
c19	成功	成功	RelationType
c19	需要	需要	RelationType
c19	入侵	入侵	RelationType
c19	作用	作用	RelationType