c10	抵抗病毒	抵抗病毒	NodeName
c10	注射血清	注射血清	NodeName
c10	Remdesivir	Remdesivir	NodeName
c10	COVID-19抗体	COVID-19抗体	NodeName
c10	SARS	SARS	NodeName
c10	人体免疫系统	人体免疫系统	NodeName
c10	传播	传播	NodeName
c10	飞沫	飞沫	NodeName
c10	接触	接触	NodeName
c10	HIV	HIV	NodeName
c10	隔离	隔离	NodeName
c10	食物	食物	NodeName
c10	器械治疗	器械治疗	NodeName
c10	艾滋病	艾滋病	NodeName
c10	口罩	口罩	NodeName
c10	防护服	防护服	NodeName
c10	保持健康	保持健康	NodeName
c10	RNA病毒	RNA病毒	NodeName
c10	MERS	MERS	NodeName
c10	粪口	粪口	NodeName
c10	房屋	房屋	NodeName
c10	普通肺炎	普通肺炎	NodeName
c10	预防	预防	NodeName
c10	COVID-19疫苗	COVID-19疫苗	NodeName
c10	患病	患病	NodeName
c10	免疫类别	免疫类别	NodeName
c10	服药	服药	NodeName
c10	气溶胶	气溶胶	NodeName
c10	穿山甲	穿山甲	NodeName
c10	MERS肺炎	MERS肺炎	NodeName
c10	物理防护	物理防护	NodeName
c10	病毒	病毒	NodeName
c10	提高免疫	提高免疫	NodeName
c10	RT-PCR	RT-PCR	NodeName
c10	蛋白试剂盒	蛋白试剂盒	NodeName
c10	大肠杆菌T2噬菌体	大肠杆菌T2噬菌体	NodeName
c10	呼吸机	呼吸机	NodeName
c10	蝙蝠	蝙蝠	NodeName
c10	抗体抗原杂交	抗体抗原杂交	NodeName
c10	打疫苗	打疫苗	NodeName
c10	COVID-19	COVID-19	NodeName
c10	治疗	治疗	NodeName
c10	诊断	诊断	NodeName
c10	洗手	洗手	NodeName
c10	新型冠状病毒肺炎	新型冠状病毒肺炎	NodeName
c10	ecmo	ecmo	NodeName
c10	SARS肺炎	SARS肺炎	NodeName
c10	DNA病毒	DNA病毒	NodeName
c10	冠状病毒	冠状病毒	NodeName
c10	细胞免疫	细胞免疫	NodeName
c10	小分子抑制剂	小分子抑制剂	NodeName
c10	水	水	NodeName
c10	体液免疫	体液免疫	NodeName
c10	吸氧机	吸氧机	NodeName
c10	肺炎	肺炎	NodeName
c10	核酸试剂盒	核酸试剂盒	NodeName
c10	肥皂（洗手液）	肥皂（洗手液）	NodeName
c10	死亡率	死亡率	PropertyName
c10	是否有效	是否有效	PropertyName
c10	分类	分类	PropertyName
c10	宿主	宿主	PropertyName
c10	增殖过程	增殖过程	PropertyName
c10	检测目标	检测目标	PropertyName
c10	所需资源	所需资源	PropertyName
c10	检测方法	检测方法	PropertyName
c10	功能	功能	PropertyName
c10	侵染对象	侵染对象	PropertyName
c10	适用人群	适用人群	PropertyName
c10	结果	结果	PropertyName
c10	预计上市日期	预计上市日期	PropertyName
c10	定义	定义	PropertyName
c10	类别	类别	PropertyName
c10	命名原因	命名原因	PropertyName
c10	是否可行	是否可行	PropertyName
c10	方法	方法	PropertyName
c10	状态	状态	PropertyName
c10	别名	别名	PropertyName
c10	源头	源头	RelationType
c10	成功	成功	RelationType
c10	失败	失败	RelationType
c10	传播	传播	RelationType
c10	作用	作用	RelationType
c10	需要	需要	RelationType
c10	入侵	入侵	RelationType
c10	措施	措施	RelationType
c10	分类	分类	RelationType
c10	中间宿主	中间宿主	RelationType
c10	导致	导致	RelationType
c10	包含	包含	RelationType
c10	启示	启示	RelationType