[
  {
    "headVertexId": "entity_gainian1_MotionAndPower",
    "relationType": "包含",
    "scenarios": [
      "MotionAndPower"
    ],
    "tailVertexId": "entity_gainian2_MotionAndPower"
  },
  {
    "headVertexId": "entity_gainian1_MotionAndPower",
    "relationType": "包含",
    "scenarios": [
      "MotionAndPower"
    ],
    "tailVertexId": "entity_gainian3_MotionAndPower"
  },
  {
    "headVertexId": "entity_gainian1_MotionAndPower",
    "relationType": "包含",
    "scenarios": [
      "MotionAndPower"
    ],
    "tailVertexId": "entity_gainian7_MotionAndPower"
  },
  {
    "headVertexId": "entity_gainian3_MotionAndPower",
    "relationType": "测量工具为",
    "scenarios": [
      "MotionAndPower"
    ],
    "tailVertexId": "entity_gainian4_MotionAndPower"
  },
  {
    "headVertexId": "entity_gainian5_MotionAndPower",
    "relationType": "产生",
    "scenarios": [
      "MotionAndPower"
    ],
    "tailVertexId": "entity_gainian3_MotionAndPower"
  },
  {
    "headVertexId": "entity_gainian3_MotionAndPower",
    "relationType": "包含",
    "scenarios": [
      "MotionAndPower"
    ],
    "tailVertexId": "entity_gainian6_MotionAndPower"
  },
  {
    "headVertexId": "entity_gainian8_MotionAndPower",
    "relationType": "包含",
    "scenarios": [
      "MotionAndPower"
    ],
    "tailVertexId": "entity_gainian9_MotionAndPower"
  },
  {
    "headVertexId": "entity_gainian8_MotionAndPower",
    "relationType": "包含",
    "scenarios": [
      "MotionAndPower"
    ],
    "tailVertexId": "entity_gainian13_MotionAndPower"
  },
  {
    "headVertexId": "entity_gainian9_MotionAndPower",
    "relationType": "相关物理量有",
    "scenarios": [
      "MotionAndPower"
    ],
    "tailVertexId": "entity_gainian10_MotionAndPower"
  },
  {
    "headVertexId": "entity_gainian9_MotionAndPower",
    "relationType": "相关物理量有",
    "scenarios": [
      "MotionAndPower"
    ],
    "tailVertexId": "entity_gainian11_MotionAndPower"
  },
  {
    "headVertexId": "entity_gainian8_MotionAndPower",
    "relationType": "判断标准",
    "scenarios": [
      "MotionAndPower"
    ],
    "tailVertexId": "entity_gainian12_MotionAndPower"
  },
  {
    "headVertexId": "entity_gainian13_MotionAndPower",
    "relationType": "包含",
    "scenarios": [
      "MotionAndPower"
    ],
    "tailVertexId": "entity_gainian14_MotionAndPower"
  },
  {
    "headVertexId": "entity_gainian14_MotionAndPower",
    "relationType": "包含",
    "scenarios": [
      "MotionAndPower"
    ],
    "tailVertexId": "entity_gainian15_MotionAndPower"
  },
  {
    "headVertexId": "entity_gainian14_MotionAndPower",
    "relationType": "包含",
    "scenarios": [
      "MotionAndPower"
    ],
    "tailVertexId": "entity_gainian16_MotionAndPower"
  },
  {
    "headVertexId": "entity_gainian15_MotionAndPower",
    "relationType": "包含",
    "scenarios": [
      "MotionAndPower"
    ],
    "tailVertexId": "entity_gainian17_MotionAndPower"
  },
  {
    "headVertexId": "entity_gainian15_MotionAndPower",
    "relationType": "包含",
    "scenarios": [
      "MotionAndPower"
    ],
    "tailVertexId": "entity_gainian18_MotionAndPower"
  },
  {
    "headVertexId": "entity_gainian1_MotionAndPower",
    "relationType": "属于",
    "scenarios": [
      "MotionAndPower"
    ],
    "tailVertexId": "entity_gainian19_MotionAndPower"
  },
  {
    "headVertexId": "entity_gainian8_MotionAndPower",
    "relationType": "属于",
    "scenarios": [
      "MotionAndPower"
    ],
    "tailVertexId": "entity_gainian19_MotionAndPower"
  },
  {
    "headVertexId": "entity_gainian19_MotionAndPower",
    "relationType": "包含",
    "scenarios": [
      "MotionAndPower"
    ],
    "tailVertexId": "entity_gainian20_MotionAndPower"
  },
  {
    "headVertexId": "entity_gainian20_MotionAndPower",
    "relationType": "包含",
    "scenarios": [
      "MotionAndPower"
    ],
    "tailVertexId": "entity_gainian21_MotionAndPower"
  },
  {
    "headVertexId": "entity_gainian19_MotionAndPower",
    "relationType": "包含",
    "scenarios": [
      "MotionAndPower"
    ],
    "tailVertexId": "entity_gainian22_MotionAndPower"
  },
  {
    "headVertexId": "entity_gainian19_MotionAndPower",
    "relationType": "包含",
    "scenarios": [
      "MotionAndPower"
    ],
    "tailVertexId": "entity_gainian23_MotionAndPower"
  }
]